eventName,organizerType,attendees,opportunities,attendance,start,end,website,sponsorshipSite,sponsorDownload,linkedIn,attendeeList,venue,city,stateOrProvince,country,lowPriceNonMembers,highPriceNonMembers,earlyBirdDeadline,sponsorshipContactEmail,sponsorshipContactName,filesAndMedia,latestSponsorList,sponsorsAndExhibitors,peekURL,notes
"National Conference on AI Law, Ethics and Compliance",Promoter,"Law firms, In-House","Attend (non-member), Sponsor",500-1000 people,10/31/2023,11/01/2023,https://www.americanconference.com/AI-Law/,https://www.americanconference.com/AI-Law/sponsors/,https://www.americanconference.com/AI-Law/resources/,https://www.linkedin.com/company/american-conference-institute/,,DC Bar Assocation,Washington,DC,USA,,,,d.maksad@americanconference.com,Danny Maksad,,https://www.americanconference.com/AI-Law/sponsors/,Guidepost,,
ABA Women in Litigation Joint CLE Conference,"Bar Assn, Affinity",Law firms,"Attend (member), Sponsor, Exhibit",100-500 people,11/01/2023,11/03/2023,https://web.cvent.com/event/18d9313e-41a5-472e-8a96-b5c4046b4409/websitePage:0e343874-f673-43aa-8bd9-e73c7350edee,https://web.cvent.com/event/18d9313e-41a5-472e-8a96-b5c4046b4409/websitePage:0e343874-f673-43aa-8bd9-e73c7350edee,,,,San Diego Mission Bay Resort,San Diego,CA,USA,$550.00,,10/11/2023,maria.gamboa@americanbar.org,,,https://web.cvent.com/event/18d9313e-41a5-472e-8a96-b5c4046b4409/websitePage:0e343874-f673-43aa-8bd9-e73c7350edee,LexisNexis Bradley Nelson Mullins BlankRome MoloLamken Fenwick Fox Rothschild LLP Godfrey Kahn S.C. Haynes Boone Munger Tolles & Olson LLP Phelps Stewart Law Group Baker Donelson Complex Appellate Covington Farella Braun + Martel Klinedinst Attorneys Morgan Lewis Robbins Geller Rudman & Dowd LLP Schoeman Updike & Kaufman LLP Snell & Wilmer Thompson Coe Young Conaway American Arbitration Association,https://www.notion.so/eventhunter/9c233ae8a2544cb79631cc714ebe002d?v=5be9e321daa744a6801f3cab9008f0fd&p=783b7747596f47b18942e56850a721e2&pm=s,
California Lawyers Association Annual Meeting of the Tax Bar and Tax Policy Conference,"Bar Assn, Practice Assn",Law firms,"Attend (member), Attend (non-member), Sponsor, Exhibit",100-500 people,11/01/2023,11/03/2023,https://calawyers.org/event/2023-annual-meeting-of-tax-bar-and-tax-policy-conference/,,,https://www.linkedin.com/company/calawyersorg/,,"Omni Rancho Las Palmas, Rancho Mirage, CA",Palm Springs,CA,USA,,,,,,,,,https://www.notion.so/eventhunter/9c233ae8a2544cb79631cc714ebe002d?v=5be9e321daa744a6801f3cab9008f0fd&p=c56e7a6e486a4d229a2a026e720e3813&pm=s,
Canadian Bar Association Women Lawyers Forum Conference,"Bar Assn, Affinity","In-House, Law firms","Attend (member), Attend (non-member), Sponsor",500-1000 people,11/02/2023,11/03/2023,http://www.cbapd.org/details_en.aspx?id=NA_NA23WLF02A,https://cba.org/CBAMediaLibrary/cba_na/pd/WLF/2023/2023CBAWomenLawyersForumConfSponsorshipOpps.pdf?_ga=2.110723589.1845146952.1690568471-323038783.1690568471&_gl=1*r2omvh*_ga*MzIzMDM4NzgzLjE2OTA1Njg0NzE.*_ga_YTMHKDEBK2*MTY5MDU3NDE0Ny4yLjEuMTY5MDU3NTY5MS42MC4wLjA.,https://cba.org/CBAMediaLibrary/cba_na/pd/WLF/2023/2023CBAWomenLawyersForumConfSponsorshipOpps.pdf?_ga=2.110723589.1845146952.1690568471-323038783.1690568471&_gl=1*r2omvh*_ga*MzIzMDM4NzgzLjE2OTA1Njg0NzE.*_ga_YTMHKDEBK2*MTY5MDU3NDE0Ny4yLjEuMTY5MDU3NTY5MS42MC4wLjA.,https://www.linkedin.com/showcase/cba-wlf/?originalSubdomain=ca,-,OBA Conference Centre,Toronto,ON,Canada,,,,alicea@cba.org,Alice An,,,,,
Thomson Reuters Annual Law Firm COO & CFO Forum,Promoter,"Law firms, Marketers, Operators",Sponsor,500-1000 people,11/02/2023,11/03/2023,https://www.thomsonreuters.com/en-us/posts/events/the-22nd-annual-law-firm-coo-cfo-forum/,https://www.thomsonreuters.com/en-us/posts/events/the-22nd-annual-law-firm-coo-cfo-forum/,,https://www.linkedin.com/company/thomson-reuters,,Conrad,Washington,DC,USA,"$2,395.00",,,,,,https://www.thomsonreuters.com/en-us/posts/events/the-22nd-annual-law-firm-coo-cfo-forum/,Calibrate CoreTech Leasing Epiq Forrest Solutions Legal Profit Recovery Partners RSM Strategic Insights Withum BigHand Canon Business Process Services Citrinoman & Company Cohn Financial Group Corpay Decipher Investigative Intelligence Equilar First American Legal Finance Frontline Managed Services Grant Thornton LLP Integreon IST Management Law Finance Group Lawyers Travel Moss Adams RRD Sage Intacct Shared Legal Services Uptime Legal,,
California Legal Awards,Promoter,"In-House, Law firms","Attend (member), Attend (non-member), Sponsor",100-500 people,11/02/2023,11/02/2023,https://www.event.law.com/california-legal-awards/3485385,https://www.event.law.com/california-legal-awards/sponsors,,,,Westin St. Francis San Francisco,San Francisco,CA,USA,,,,asutton@alm.com,Andre Sutton,,,fulcrumGT,https://www.notion.so/eventhunter/9c233ae8a2544cb79631cc714ebe002d?v=5be9e321daa744a6801f3cab9008f0fd&p=b6d7b7e8a2154b999535887dfe90371e&pm=s,Registration information not available as of 7-23-23
California Lawyers Association IP Institute,"Bar Assn, Practice Assn","In-House, Law firms","Attend (member), Attend (non-member), Sponsor, Exhibit",100-500 people,11/02/2023,11/04/2023,https://calawyers.org/event/47th-ip-institute/,,,https://www.linkedin.com/company/the-california-lawyers-association/,,Omni Hotel San Diego Gaslamp District,San Diego,CA,USA,,,,,,,,,https://www.notion.so/eventhunter/9c233ae8a2544cb79631cc714ebe002d?v=5be9e321daa744a6801f3cab9008f0fd&p=8ea3f8087cf64f9fba5d417b5fe54247&pm=s,
Annual Energy Litigation Conference,Practice Assn,Law firms,"Attend (non-member), Sponsor, Exhibit",100-500 people,11/02/2023,11/02/2023,https://www.cailaw.org/institute-for-energy-law/events/2023/energy-litigation-conference.html,https://www.cailaw.org/institute-for-energy-law/sponsorship-opportunities.html,,https://www.linkedin.com/company/institute-for-energy-law/,,Hilton Houston Post Oak,Houston,TX,USA,$485.00,$550.00,10/12/2023,lhogarth@cailaw.org,Lilly Hogarth,,,JAMS Steptoe & Johnson McGuire Woods Olivia Gibbs LLP Liskow Jones Walker Baker O’Brien Conoco Phillips FTI Consulting Norton Rose Fulbright Haynes Boone Exponent,,
New Jersey State Bar Association Mid-Year Meeting,Bar Assn,"In-House, Law firms, Operators","Attend (member), Sponsor",100-500 people,11/04/2023,11/11/2023,https://njsba.com/meetings-events/mid-year-meeting/,https://njsba.com/meetings-events/mid-year-meeting/2023-mid-year-meeting-sponsors/,"https://njsba.com/wp-content/uploads/2023/07/Spons-Corp-Form-Fillable-23-MYM.pdf
https://njsba.com/wp-content/uploads/2023/07/23-MYM-Law-Firm-Pkgs-Form.pdf",https://www.linkedin.com/company/njstatebar/,,Paris,Paris,,France,,,,,,,https://njsba.com/meetings-events/mid-year-meeting/2023-mid-year-meeting-sponsors/,Marcum LEAP Smolin USI Affinity Cg Morgan Stanley The Roberts Group Berse Law LLC,https://www.notion.so/eventhunter/9c233ae8a2544cb79631cc714ebe002d?v=5be9e321daa744a6801f3cab9008f0fd&p=525b60637333421f8576034fcd08fff9&pm=s,
National Contract Management Association - Government Contract Symposium,Practice Assn,"In-House, Law firms, Government","Attend (member), Attend (non-member), Expo pass, Sponsor, Exhibit",500-1000 people,11/06/2023,11/07/2023,https://www.ncmahq.org/Web/Web/Events/Government-Contract-Management-Symposium.aspx?hkey=721449c9-6914-4cdb-9ad0-686b175b991e,,https://www.ncmahq.org/common/Uploaded%20files/Events/GCMS/GCMS%2023%20Prospectus.pdf,https://www.linkedin.com/company/ncma/,,Bethesda North Marriott Hotel and Conference Center,Rockville,MD,USA,"$1,125.00","$1,225.00",10/03/2023,memberservices@ncmahq.org,,,,,https://www.notion.so/eventhunter/9c233ae8a2544cb79631cc714ebe002d?v=5be9e321daa744a6801f3cab9008f0fd&p=d2e03ddd89bc4548a18fd26b503cf927&pm=s,
Annual Law of Policing Conference,"Promoter, Practice Assn","Government, In-House","Sponsor, Attend (member), Attend (non-member)",100-500 people,11/07/2023,11/08/2023,https://www.canadianinstitute.com/law-policing-conference/,https://www.canadianinstitute.com/law-policing-conference/sponsors/,,https://www.linkedin.com/company/the-canadian-institute/,-,Sheraton Vancouver Guildford Hotel,Surrey,BC,Canada,"$1,795.00",,08/18/2023,marketinginquiry@canadianinstitute.com,-,,https://www.canadianinstitute.com/law-policing-conference/sponsors/,Canadian Association of Police Governance Privacy & Access Council of Canada,-,-
American Academy of Matrimonial Lawyers Annual Meeting,Practice Assn,Law firms,"Attend (member), Sponsor, Exhibit",500-1000 people,11/08/2023,11/11/2023,https://aaml.org/event/2023-annual-meeting/,https://aaml.org/sponsorship-opportunities/,,https://www.linkedin.com/company/american-academy-of-matrimonial-lawyers/,,Loews Chicago Hotel,Chicago,IL,USA,,,,Tom@aaml.org,,,,,https://www.notion.so/eventhunter/9c233ae8a2544cb79631cc714ebe002d?v=5be9e321daa744a6801f3cab9008f0fd&p=85172d99d6cb4ddbacaaffa6d1b32d11&pm=s,
Legal Innovators,Promoter,"In-House, Law firms, Operators","Attend (non-member), Sponsor, Exhibit",500-1000 people,11/08/2023,11/09/2023,https://www.legalinnovators.co.uk/,https://www.legalinnovators.co.uk/sponsors,,https://www.linkedin.com/showcase/legal-innovators-uk/,-,"America Square Conference Centre, London",London,England,UK,$385.00,"$3,845.00",,,,,https://www.legalinnovators.co.uk/sponsors,Disco Robin AI Opus2 Document Drafter Litera Henchman Lawrify Artificial Lawyer Law.com International Play It Green,https://www.notion.so/eventhunter/9c233ae8a2544cb79631cc714ebe002d?v=5be9e321daa744a6801f3cab9008f0fd&p=2724fd6393db46f88f016f3f6e477dd5&pm=s,-
National Asian Pacific American Bar Association Convention,"Bar Assn, Affinity","Government, In-House, Law firms","Attend (member), Attend (non-member), Sponsor, Exhibit",1000-5000 people,11/09/2023,11/12/2023,https://www.napaba.org/page/2023_Convention,https://www.napaba.org/page/_sponsorship_opportunities,,https://www.linkedin.com/company/napaba/,,JW Marriott Indianapolis,Indianapolis,IN,USA,$745.00,"$1,120.00",08/22/2023,,,,https://www.napaba.org/page/2023_Convention,"Constangy Brooks, Smith & Prophete LLP David Polk Debevoise & Plimptom DLA Piper Groombridge WU Baughman & Stone Jenner & Block Jones Day Littler Mintz Ogletree Deakins Paul Weiss Ropes & Gray Walmart Akin Amazon CompTIA",https://www.notion.so/eventhunter/9c233ae8a2544cb79631cc714ebe002d?v=5be9e321daa744a6801f3cab9008f0fd&p=913c22e7d9f1491db059f6ac6012f490&pm=s,
Institute for Law and Technology Annual Conference On Intellectual Property Law,Practice Assn,"Law firms, In-House","Attend (non-member), Sponsor, Exhibit",1000-5000 people,11/09/2023,11/10/2023,https://www.cailaw.org/Institute-for-Law-and-Technology/Events/2023/intellectual-property-law.html,https://www.cailaw.org/Institute-for-Law-and-Technology/sponsorship-opportunities.html,,https://www.linkedin.com/company/institute-for-law-and-technology/,,The Center for American and International Law,Plano,TX,USA,$675.00,$735.00,10/19/2023,vadams@cailaw.org,Vickie Adams,,,,,
New York City Bar Association Annual Small Law Firm Symposium,Bar Assn,Law firms,"Attend (member), Attend (non-member), Sponsor, Exhibit",1000-5000 people,11/09/2023,11/09/2023,https://services.nycbar.org/EventDetail?EventKey=SYMP110923&WebsiteKey=f71e12f3-524e-4f8c-a5f7-0d16ce7b3314,https://services.nycbar.org/EventDetail?EventKey=SYMP110923&WebsiteKey=f71e12f3-524e-4f8c-a5f7-0d16ce7b3314,,https://www.linkedin.com/company/new-york-city-bar/,,New York City Bar Association,New York,NY,USA,$199.00,$249.00,09/30/2023,ybalashchenko@nycbar.org,Yelena Balashchenko,,https://services.nycbar.org/EventDetail?EventKey=SYMP110923&WebsiteKey=f71e12f3-524e-4f8c-a5f7-0d16ce7b3314,LexisNexis PCLAW LawPay Lockton ABA Retirement Bridgeline Briefcatch Capital One CACTIC titleClio Mazzanti Fastcase Good2BSocial Innovate Online Marketing LawClerk MyCase MYLS SideBar Advisors Thomas Reuters,,
Ohio Association for Justice Winter Convention,Practice Assn,Law firms,"Attend (member), Sponsor, Exhibit",500-1000 people,11/09/2023,11/10/2023,https://www.oajustice.org/?pg=events&showfullpage=1&evAction=showDetail&eid=268145&evSubAction=listAll,https://www.oajustice.org/?pg=FriendsofOAJProgram,https://s3.amazonaws.com/membercentralcdn/sitedocuments/oh/oh/0516/1650516.pdf?AWSAccessKeyId=AKIAIHKD6NT2OL2HNPMQ&Expires=1689870722&Signature=7Qyg9Tt199kDI6oYgFTX%2BFWNhdM%3D&response-content-disposition=inline%3B%20filename%3D%22OhioTrial%5FMediaKit%5F2020%2Epdf%22%3B%20filename%2A%3DUTF%2D8%27%27OhioTrial%255FMediaKit%255F2020%252Epdf&response-content-type=application%2Fpdf,https://www.linkedin.com/company/ohio-association-for-justice/,,Hilton Cleveland Downtown,Cleveland,OK,USA,,,,mcoughlin@oajustice.org,Mike Coughlin,,https://www.oajustice.org/?pg=events&showfullpage=1&evAction=showDetail&eid=268145&evSubAction=listAll,"Crisp FindLaw Ringler The Experts Robson Forensic Physician Life Care Planning IWP The Patien Advocate Pharmacy The Ohio Reporting Company Key Evidence Beacon The Verity Group W&A Mental Health Professionals Ray Forensic Consultants, LLC Crash Tech Reconstruction Services LLC MediVisuals Medivest CW Settlements Grow Path Filevine Level ESQ D'Angelo Visuals Opentext GAVL Video Ohio Bar Liability Insurance Co. Preferred Capital Funding NFP Structured Settlements",https://www.notion.so/eventhunter/9c233ae8a2544cb79631cc714ebe002d?v=5be9e321daa744a6801f3cab9008f0fd&p=6267ebd5f5eb4aacb747c01200082899&pm=s,
The Business of Law,Practice Assn,"Law firms, Operators, Marketers","Attend (non-member), Sponsor, Exhibit",500-1000 people,11/09/2023,11/11/2023,https://www.ntlevents.com/event/fb3c0f19-6b60-4180-a74a-bf4f64b96052/summary,https://www.ntlevents.com/event/fb3c0f19-6b60-4180-a74a-bf4f64b96052/websitePage:7647292a-8ec6-49da-9d3b-1d86bc881882,,https://www.linkedin.com/company/the-national-trial-lawyers/,,JW Marriott Scottsdale,Scottsdale,AZ,USA,,,,tgoins@associationsmgt.com,Trevor Goins,,https://www.ntlevents.com/event/fb3c0f19-6b60-4180-a74a-bf4f64b96052/websitePage:09e0452f-a459-41ea-a31a-3b4c856652e3,Consumer Attorney Marketing Group PILMMA Preferred Capital Funding Trulaw TSEG ChartSquad Filevine Frost Law Milestone Morgan & Morgan Spear Consulting Walker Advertising Consultwebs EvenUp LawRank Forman Law Offices Massive Mockingbird Alert Communications American Law Firm Capital BlueShark Digital Case Status Get Staffed Up HMR Law Tigers Motorcylce Lawyers Lexamica Martindale Avvo,https://www.notion.so/eventhunter/9c233ae8a2544cb79631cc714ebe002d?v=5be9e321daa744a6801f3cab9008f0fd&p=1ce99e1c70084edcbb894029831a80ce&pm=s,
Canadian Bar Association Access to Information and Privacy Law Symposium,"Bar Assn, Affinity","Government, In-House, Law firms","Attend (member), Attend (non-member), Sponsor",500-1000 people,11/09/2023,11/10/2023,https://www.cbapd.org/details_en.aspx?id=na_na23pri01a&_gl=1*1x9tlwn*_ga*odczoda3odgwlje2odg3nzqzntu.*_ga_ytmhkdebk2*mty5mtc3oty4ny40ljaumty5mtc3oty4ny42mc4wlja.&_ga=2.100114718.1800005893.1691779688-2063764861.1688772628,https://cba.org/CBAMediaLibrary/cba_na/pd/WLF/2023/2023CBAWomenLawyersForumConfSponsorshipOpps.pdf?_ga=2.110723589.1845146952.1690568471-323038783.1690568471&_gl=1*r2omvh*_ga*MzIzMDM4NzgzLjE2OTA1Njg0NzE.*_ga_YTMHKDEBK2*MTY5MDU3NDE0Ny4yLjEuMTY5MDU3NTY5MS42MC4wLjA.,https://cba.org/CBAMediaLibrary/cba_na/pd/WLF/2023/2023CBAWomenLawyersForumConfSponsorshipOpps.pdf?_ga=2.110723589.1845146952.1690568471-323038783.1690568471&_gl=1*r2omvh*_ga*MzIzMDM4NzgzLjE2OTA1Njg0NzE.*_ga_YTMHKDEBK2*MTY5MDU3NDE0Ny4yLjEuMTY5MDU3NTY5MS42MC4wLjA.,https://www.linkedin.com/showcase/cba-wlf/?originalSubdomain=ca,-,Westin Ottowa,Ottowa,ON,Canada,,,,pd@cba.org,,,,,,
Masters Conference - Atlanta,Promoter,"Law firms, In-House","Attend (non-member), Sponsor, Exhibit",100-500 people,11/09/2023,11/09/2023,https://themastersconference.com/event/atlanta/,https://themastersconference.com/sponsors/become-a-sponsor/,https://themastersconference.com/wp-content/uploads/2022/11/2023-The-Masters-Conference-Sponsorship-Brochure.pdf,,,"King & Spalding, Atlanta",Atlanta,GA,USA,$185.00,$580.00,11/09/2023,Marla.Mohr@themastersconference.com,Marla Mohr,,https://themastersconference.com/event/atlanta/,Cloudnine Haystack Alvarez & Marsal ACEDS eDiscovery Today eDiscovery Assistant King & Spalding,https://www.notion.so/eventhunter/9c233ae8a2544cb79631cc714ebe002d?v=5be9e321daa744a6801f3cab9008f0fd&p=fdd2048b2296445d89600c929e6ecb61&pm=s,
NetDocuments Inspire Confere,Promoter,Law firms,Attend (non-member),500-1000 people,11/09/2023,11/09/2023,https://www.netdocuments.com/emea-inspire,,,https://www.linkedin.com/company/netdocuments/,,Convene,London,,England,,,,,,,,,,"Not stated to be free, but no fee shown."
Consero General Counsel Forum,Promoter,In-House,Sponsor,100-500 people,11/12/2023,11/14/2023,https://consero.com/events/general-counsel-forum-6/,https://consero.com/partners/,,https://www.linkedin.com/company/consero-group/,https://consero.com/events/general-counsel-forum-6/,The Biltmore Miami,Coral Gables,FL,USA,,,,,,,,Barnes & Thornburg Bradley Charles River Associates ContractPodAi Diligent DocJuris Evisort LegalBillReview.com LegalOn Technologies Level access Lexion LinkSquares LotNetwork Luminance Onit SimpleLegal OGC Pramata PWC Thomson Reuters Transcend Xakia,,Must request invitation as non-sponsor attendee
Law Firm Libraries Annual Conference,Promoter,"Law firms, Operators","Attend (non-member), Sponsor",100-500 people,11/13/2023,11/14/2023,https://www.lawfirmlibraries.com/,https://www.lawfirmlibraries.com/sponsor/,,https://www.linkedin.com/company/ark-group-usa/,,Harvard Club of New York City,New York,NY,USA,"$1,895.00","$2,195.00",09/22/2023,,,,,Lexis Nexis,,
American Lawyer Industry Awards,Promoter,"In-House, Law firms, Operators","Attend (non-member), Sponsor",100-500 people,11/15/2023,11/15/2023,https://www.event.law.com/americanlawyer-IndustryAwards,https://www.event.law.com/americanlawyer-industryawards/sponsor-info,,,,Ciprani,New York,NY,USA,,,,asutton@alm.com,Andre Sutton,,https://www.event.law.com/americanlawyer-industryawards/sponsor-info,fulcrumGT,,
Legal ESG: New York,Promoter,"In-House, Law firms","Attend (non-member), Sponsor",100-500 people,11/15/2023,11/17/2023,https://www.legalesg.com/legal-esg-new-york,,,https://www.linkedin.com/company/legalesg/,,Clifford Chance,New York,NY,USA,"$1,295.00","$1,495.00",09/15/2023,contact@legalesg.com,,,,Clifford Chance InsidePractice Amity Advisory ESGi Group Globe Law Online,,
Corporate IP Strategy Conference,Promoter,"In-House, Law firms","Attend (non-member), Sponsor, Exhibit",100-500 people,11/15/2023,11/16/2023,https://www.unifiedpatents.com/cipsc-2023,https://www.unifiedpatents.com/cipsc-2023-sponsorships,,https://www.linkedin.com/company/unified-patents/,,Santa Clara University Locatelli Center,Santa Clara,CA,USA,,,,shawn@unifiedpatents.com,Shawn Ambwani,,https://www.unifiedpatents.com/cipsc-2023,"Haynes Boone Farella Braun + Martel HGF Akin Dennemeyer The IP Group Ropes & Gray Young Basile 2SPL Lee & Hayes Lincoln IP, Inc.",https://www.notion.so/eventhunter/9c233ae8a2544cb79631cc714ebe002d?v=5be9e321daa744a6801f3cab9008f0fd&p=a2086df150044c9b86e169e2d91ddfe1&pm=s,
ILTACON Europe,Promoter,"In-House, Law firms, Operators","Attend (non-member), Sponsor, Exhibit",100-500 people,11/15/2023,11/16/2023,https://europe.iltacon.org/home,https://higherlogicdownload.s3.amazonaws.com/ILTANET/1125a762-f6e9-4e1e-be3d-f7bcaafdb1bd/UploadedFiles/9qaQ5DC6SWdkNfncTp5U_IE23sp.pdf,https://higherlogicdownload.s3.amazonaws.com/ILTANET/1125a762-f6e9-4e1e-be3d-f7bcaafdb1bd/UploadedFiles/9qaQ5DC6SWdkNfncTp5U_IE23sp.pdf,https://www.linkedin.com/groups/8370093/,,"One Bishops Square, London E1 6AD, United Kingdom",London,,UK,,,,,,,https://europe.iltacon.org/home,Arctic Wolf Digicorp Egress FileTrail Litera Net Documents NQ Zebra Works Peppermint Technology Pexip Pinnacle Rbro Solutions,https://www.notion.so/eventhunter/9c233ae8a2544cb79631cc714ebe002d?v=5be9e321daa744a6801f3cab9008f0fd&p=adf44032767b42319805cf4cc2906f9b&pm=s,
Utah Association for Justice Annual Conference,Practice Assn,"Law firms, In-House, Operators","Attend (non-member), Sponsor, Exhibit",100-500 people,11/16/2023,11/17/2023,https://www.utaj.org/?pg=events&evAction=showDetail&eid=260693,https://www.utaj.org/?pg=AnnualSponsorsContract,,https://www.linkedin.com/in/utah-association-for-justice-uaj-171797259/,,Salt Lake Marriott Downtown,Salt Lake City,UT,USA,"$1,200.00",,,,,,,40 St Chiropractic Case Status Amicus Settlement Planners Physician Life Care Planning Steno Case Status Medivest MiCare Network Advocate Capital Preferred Capital Funding Ringler US Claims Blue SHark Digital Houlihan Valuation Advisors,,
Criminal Lawyers’ Association of Canada Annual Fall Conference,Practice Assn,Law firms,"Attend (member), Attend (non-member), Sponsor, Exhibit",500-1000 people,11/17/2023,11/18/2023,https://criminallawyers.ca/events/51st-annual-fall-conference/,https://members.criminallawyers.ca/event-5343535,,https://www.linkedin.com/company/canadian-bar-association/,,Toronto Marriott,Toronto,ON,Canada,$735.00,,,,,,,Accounting for Law LEAP Brauti Thorning Greenspan Humphrey Weinstein Sandbert Barristers York,,Pricing shown from 2022
Trust and Estate Conference | USC Gould Institute of Law,Promoter,"Law firms, In-House","Attend (non-member), Sponsor",500-1000 people,11/17/2023,11/17/2023,https://gould.usc.edu/why/academics/cle/te/,https://gould.usc.edu/why/academics/cle/te/,https://gould.usc.edu/why/academics/cle/te/assets/docs/TEBrochure.pdf,https://www.linkedin.com/showcase/uscgouldcle/,,Westin Bonaventure Hotel,Los Angeles,CA,USA,$509.00,,,wwiley@law.usc.edu,Wendy Wiley Willett,,,,,
Lexpert Rising Stars Awards,Promoter,"In-House, Law firms, Operators","Attend (member), Attend (non-member), Sponsor",500-1000 people,11/23/2023,11/23/2023,https://risingstarscanada.com/,https://risingstarscanada.com/contact-us/,,https://www.linkedin.com/company/lexpert/,,"Liberty Grand, Toronto",Toronto,ON,Canada,$565.00,,,jed.manalili@keymedia.com,Jed Manalili,,https://risingstarscanada.com/sponsors/,Lexpert Canadian Lawyer Inhouse Canadian Lawyer Law Times Key Media Blakes LEAP,,
National Association of Consumer Bankruptcy Attorneys Member-Only Workshop,Practice Assn,Law firms,"Sponsor, Exhibit",1000-5000 people,11/27/2023,11/29/2023,https://nacba.org/events/EventDetails.aspx?id=1535310&group=,,https://nacba.org/resource/resmgr/events/nacbatn/Sponsor_Exhibitor_Prospectus.pdf,https://www.linkedin.com/company/national-association-of-consumer-bankruptcy-attorneys-nacba-/,,Loews Vanderbilt Hotel,Nashville,TN,USA,,,09/08/2023,rachael.hodgen@nacba.com,Rachael Hodgen,,,,https://www.notion.so/eventhunter/9c233ae8a2544cb79631cc714ebe002d?v=5be9e321daa744a6801f3cab9008f0fd&p=6e76e3dca4874de7a7ac85398f558486&pm=s,
Legalex London,Promoter,"In-House, Law firms, Operators","Attend (non-member), Expo pass, Sponsor, Exhibit",1000-5000 people,11/29/2023,11/30/2023,https://www.legalex.co.uk/,https://www.legalex.co.uk/why-exhibit,,https://www.linkedin.com/company/legalexllc/,,Excel London,London,,England,$0.00,,,,,,https://www.legalex.co.uk/exhibitor-list,Solicitors Regulation Authority Clio Leap IASME Consortium Lockton AccessLegal OneTrust AplyiD High Court Engorcement Group icasa Philips The Law Factor LLP Thirdfort Lawyer Monthly By Lawyers Legal 230,,
International Intellectual Property Law Association USA,"Bar Assn, Practice Assn","Law firms, In-House","Attend (non-member), Sponsor, Exhibit",500-1000 people,12/02/2023,12/03/2023,https://iipla.org/usa-2023/,https://iipla.org/events/sponsors-exhibitors/,,https://www.linkedin.com/company/iipla/,,"Crowne Plaza Hotel, Palo Alto CA",Pala Alto,CA,USA,$899.00,,07/22/2023,mail@iipla.org,,,https://iipla.org/usa-2023/,Morgan Lewis IP Sheridan Ross 2SPL Marvell Foreo Sweden Airbus Stellar Kent Blue Peak Law Group LLP DCM Shriram Trimark Stout Buchalter Life Tech IP Spies & Behrndt Nidec Garcia Rainey Blank & Bowebank LLP,https://www.notion.so/eventhunter/9c233ae8a2544cb79631cc714ebe002d?v=5be9e321daa744a6801f3cab9008f0fd&p=3a62fc5545c1458284d6b2725c3ef98e&pm=s,
Financial Times Innovative Lawyer Awards North America,Promoter,"Law firms, In-House, Operators, Marketers","Attend (non-member), Sponsor",100-500 people,12/04/2023,12/04/2023,https://lawyersnorthamerica.live.ft.com/,https://lawyersnorthamerica.live.ft.com/page/2412147/become-a-sponsor,,https://www.linkedin.com/company/financial-times/,,Gotham Hall,New York,NY,USA,"$1,749.00",,,alex.roszkowski@ft.com,Alex Roszkowski,,,Integra iManage Ironclad Thomson Reuters,,Discounts for tables.
TLTF Summit,Promoter,"In-House, Law firms, Operators","Attend (non-member), Sponsor",100-500 people,12/04/2023,12/06/2023,https://www.tltfsummit.com/,https://www.tltfsummit.com/sponsors,,https://www.linkedin.com/company/tltfsummit/,,JW Marriott Miami Turnbury Resort & Spa,Aventura,FL,USA,,,,info@tltfsummit.com,,,,,https://www.notion.so/eventhunter/9c233ae8a2544cb79631cc714ebe002d?v=5be9e321daa744a6801f3cab9008f0fd&p=1f8d88a2ff434edeac8c10cfe4d25e19&pm=s,Invitation only. https://i744eskc22s.typeform.com/to/dHlKHTcv
Institute for Corporate Counsel | USC Gould Institute of Law,Promoter,In-House,"Attend (non-member), Sponsor",500-1000 people,12/06/2023,12/06/2023,https://gould.usc.edu/why/academics/cle/icc/,https://gould.usc.edu/why/academics/cle/icc/,,https://www.linkedin.com/showcase/uscgouldcle/,,The California Club,Los Angeles,CA,USA,$509.00,,,wwiley@law.usc.edu,Wendy Wiley Willett,,,,,
Masters Conference - Charlotte,Promoter,Law firms,"Attend (non-member), Sponsor, Exhibit",100-500 people,12/07/2023,12/07/2023,https://themastersconference.com/event/charlotte-nc/,https://themastersconference.com/sponsors/become-a-sponsor/,https://themastersconference.com/wp-content/uploads/2022/11/2023-The-Masters-Conference-Sponsorship-Brochure.pdf,https://www.linkedin.com/company/the-masters-conference/,,Robinson Bradshaw,Charlotte,NC,USA,$185.00,$580.00,,Marla.Mohr@themastersconference.com,Marla Mohr,,https://themastersconference.com/sponsors/,eDiscovery Today eDiscovery Assistant ACEDS Robinson Bradshaw,/c44fc458d41f418f997e74791686cbd9?pvs=25,
American Association of Law Schools Annual Meeting,Trade Group,In-House,"Attend (member), Attend (non-member), Sponsor, Exhibit",1000-5000 people,01/03/2024,01/06/2024,https://am.aals.org/,https://am.aals.org/past/am23/sponsor/,,https://www.linkedin.com/company/theaals/,,Marriott Marquis Washington DC,Washington,DC,USA,,,,mkerwin@aals.org,Mary Dillon Kerwin,,,,https://www.notion.so/eventhunter/9c233ae8a2544cb79631cc714ebe002d?v=5be9e321daa744a6801f3cab9008f0fd&p=53eb5143ee33440ab9a89473d1b3495e&pm=s,
New York State Bar Association Annual Meeting,Bar Assn,"In-House, Law firms, Operators","Attend (member), Attend (non-member), Sponsor, Exhibit",>5000 people,01/16/2024,01/20/2024,https://nysba.org/annual-meeting-2024/,,,https://www.linkedin.com/company/new-york-state-bar-association/,,TBA,New York City,NY,USA,,,,,,,,,/9557bd0df39646cfa74bd90e70eb8e6c?pvs=25,
ContractsCon,Promoter,"In-House, Law firms","Attend (non-member), Sponsor",500-1000 people,01/17/2024,01/19/2024,https://www.contractscon.com/,https://www.contractscon.com/,,https://www.linkedin.com/company/howtocontractllc/,,University of Nevada,Las Vegas,NV,USA,"$2,495.00","$2,995.00",09/15/2023,support@howtocontract.com,,,,,,
South Carolina State Bar Convention,Bar Assn,"In-House, Law firms, Operators",Sponsor,1000-5000 people,01/18/2024,01/21/2024,https://www.scbarconvention.org/,https://cle.scbar.org/Seminars/Sponsor-Vendor-Opportunities,,https://www.linkedin.com/company/scbar/,,"Charleston Place Hotel, Charleston SC",Charleston,SC,USA,,,,marley.douglas@scbar.org,Marley Douglas,,,,https://www.notion.so/eventhunter/9c233ae8a2544cb79631cc714ebe002d?v=5be9e321daa744a6801f3cab9008f0fd&p=06178ab424304ddfac49cd87f6d6f1a7&pm=s&pvs=31,
Trial Lawyers Summit,Practice Assn,Law firms,"Attend (non-member), Sponsor, Exhibit",1000-5000 people,01/18/2024,01/21/2024,https://www.ntlevents.com/event/0b0e6f14-907d-423f-90b6-94ac7eedf91a/summary,https://www.ntlevents.com/event/0b0e6f14-907d-423f-90b6-94ac7eedf91a/websitePage:df0fcb4b-9101-4639-a91b-e373cb06d389,,https://www.linkedin.com/company/the-national-trial-lawyers/,,Loew’s Miami Beach Hotel,Miami Beach,FL,USA,"$2,095.00",,,,,,,"Sponsors: LawRank Preferred Capital Funding The Sentinel Group / Open Jar Concepts Alert Communications Broughton Partners Clio CompulseLegal Consumer Attorney Marketing Group Filevine Hennessey Digital HMR Law Tigers Morgan & Morgan PILMMA TSEG 1792 Capital Assembly Software CARDINAL LifeCare Consulting Cartiga Case Status ChartSquad Cloudlex Crisp Digital Law Marketing Focus Graphics Go Answer Lawmatics MileMark Media Prevail Top Class Actions Walker Advertising X Social Media 4 Corners Deposition Summaries Advocate Capital, Inc. American Association for Justice American Law Firm Capital Arctrieval, Inc. Artery Studios Arthur Funding Balanced Bridge Funding BluShark Digital Bridge Legal Carvertise CASEpeer Clarra CMDS Consumer Attorney Record Services Doctor OnCALL/MDTimelines (MedMal Consulting) Evenup Inc Forensic Human Factors Fox-Animated Engineering Jim Dickens Printing LevelEsq Levin Papantonio Rafferty LEX Reception Mass Torts Made Perfect Mass Torts Vendor Association Nanato Media Neon Ambition Oasis Financial PeopleHunter.com Physician Life Care Planning Premier Legal Marketing Ringboost.com The Cochran Firm Thrivest Legal Funding TransUnion LLC Let me know if you need any further assistance!",,
Association of Corporate Patent Counsel Winter Meeting,Practice Assn,"Law firms, In-House",Sponsor,500-1000 people,01/21/2024,01/24/2024,https://acpcnet.org/events/acpc-winter-meeting,https://acpcnet.org/sponsorship/semi-annual-meetings-sponsorship,,https://www.linkedin.com/company/association-of-corporate-patent-counsel-inc/about/,,"Four Seasons Hotel, New Orleans LA",New Orleans,LA,USA,,,,info@acpcnet.org,,,,,https://www.notion.so/eventhunter/9c233ae8a2544cb79631cc714ebe002d?v=5be9e321daa744a6801f3cab9008f0fd&p=d34dbffea97649e0b2b71bf6b29b85f3&pm=s,
The Law Conference for Hotel Owners & Operators,"Promoter, Trade Group","In-House, Law firms","Attend (non-member), Sponsor",100-500 people,01/21/2024,01/22/2024,https://www.burba.com/ALISLaw,https://www.burba.com/alislaw/sponsor,,https://www.linkedin.com/company/burba-hotel-network/,-,Courtyard/Residence Inn Los Angeles,Los Angeles,CA,USA,"$1,015.00","$3,300.00",10/12/2023,jzink@burba.com,,,https://www.burba.com/ALISLaw/Sponsor,Clark Hill Crowell FTI Consulting Marriott International Michelman & Robinson Perkins Coie Hotel Investment Today DEI Advisors Hospitality Asset Managers Association International Society of Hospitality Consultants Latino Hotel Association Nabhood She Has a Deal. Thrive,-,-
Tax Institute | USC Gould Institute of Law,Promoter,"Law firms, In-House","Attend (non-member), Sponsor",500-1000 people,01/22/2024,01/24/2024,https://gould.usc.edu/why/academics/cle/tax/,https://gould.usc.edu/why/academics/cle/tax/,,https://www.linkedin.com/showcase/uscgouldcle/,,TBD,Los Angeles,CA,USA,,,,wwiley@law.usc.edu,Wendy Wiley Willett,,,,,
Legalweek,Promoter,"In-House, Law firms, Operators","Attend (non-member), Expo pass, Sponsor, Exhibit",>5000 people,01/29/2024,02/01/2024,https://www.event.law.com/legalweek,https://www.event.law.com/legalweek/sponsors,,https://www.linkedin.com/showcase/legalweek-new-york/,,New York Hilton Midtown,New York,NY,USA,$125.00,"$1,195.00",,dchalphin@alm.com,Don Chalphin,,https://www.event.law.com/legalweek/sponsors,Reveal AALL ARMA CIO Review ILTA,https://www.notion.so/eventhunter/9c233ae8a2544cb79631cc714ebe002d?v=5be9e321daa744a6801f3cab9008f0fd&p=ae2998659c75477ba151ea3d346314ef&pm=s,
California Lawyers Association Annual Privacy Summit,"Bar Assn, Practice Assn","Law firms, In-House","Attend (member), Attend (non-member), Sponsor, Exhibit",100-500 people,02/08/2024,02/09/2024,https://calawyers.org/event/annual-privacy-summit/,,,https://www.linkedin.com/groups/5077326/,,"UCLA Meyer and Renee Luskin Conference Center, Los Angeles, CA",Los Angeles,CA,USA,,,,,,,,,https://www.notion.so/eventhunter/9c233ae8a2544cb79631cc714ebe002d?v=5be9e321daa744a6801f3cab9008f0fd&p=3fd99816bd7b449f81b4802a8825be53&pm=s,
ABA Techshow,Bar Assn,"In-House, Law firms, Operators","Attend (member), Attend (non-member), Sponsor, Exhibit",1000-5000 people,02/14/2024,02/17/2024,https://www.techshow.com/,http://go.networkmediapartners.com/abatechshow,,https://www.linkedin.com/groups/1738267/,,Chicago IL,Chicago,IL,USA,,,,chris.martin@wearemci.com,Chris Martin,,https://www.techshow.com/,"Clio Filevine LawPay MyCase ActionStep Inc. Assembly Software NetDocuments Practice Panther Relativity Sage Smokeball Thryv Zola Suite Amazon Business InfoTrack USA LLC Law Quill SimpleLaw Smith.ai Virtual Receptionists 4LegalLeads ABA Insurance - USI Affinity Bundledocs iDox.ai Lawline LEAP LexReception Nota | Powered by M&T Bank QuickFee Spellbook Spotlight Branding WealthCounsel, LLC",https://www.notion.so/eventhunter/9c233ae8a2544cb79631cc714ebe002d?v=5be9e321daa744a6801f3cab9008f0fd&p=36cebd01aa964d3ebe9fe2e19d3664f9&pm=s,
International Air Transport Association (IATA) World Legal Symposium,Trade Group,"In-House, Law firms",Sponsor,100-500 people,02/21/2024,02/23/2024,https://www.iata.org/en/events/all/legal-symposium/,https://www.iata.org/en/events/all/legal-symposium/#tab-5,,https://www.linkedin.com/company/international-air-transport-association-iata/,-,The Westin Bayshore Hotel,Vancouver,BC,Canada,,,,huz@external.iata.org,Zhonghua Hu,,,,,
Annual Energy Law Conference,Practice Assn,"In-House, Law firms","Attend (non-member), Sponsor, Exhibit",500-1000 people,02/22/2024,02/23/2024,https://www.cailaw.org/institute-for-energy-law/events/2024/annual-energy-law-conference.html,https://www.cailaw.org/institute-for-energy-law/sponsorship-opportunities.html,,https://www.linkedin.com/company/institute-for-energy-law/,,Westin Houston,Houston,TX,USA,,,,lhogarth@cailaw.org,Lilly Hogarth,,,McGuire Woods Norton Rose Fulbright,,
National Association of Legal Search Consultants Annual Conference,Trade Group,Operators,"Attend (member), Attend (non-member), Sponsor",100-500 people,02/29/2024,03/02/2024,https://www.nalsc.org/events/,,,https://www.linkedin.com/company/nalsc/,,"The Pendry Hotel, San Diego",San Diego,CA,USA,,,,,,,,,https://www.notion.so/eventhunter/9c233ae8a2544cb79631cc714ebe002d?v=5be9e321daa744a6801f3cab9008f0fd&p=40979beafba64d96af5455258c905f4c&pm=s,
California Lawyers Association Real Property Law Retreat,"Bar Assn, Practice Assn","Law firms, In-House","Attend (member), Attend (non-member), Sponsor, Exhibit",100-500 people,03/08/2024,03/10/2024,https://calawyers.org/event/2024-real-property-law-retreat-9th-annual-women-in-commercial-leasing-law-symposium/,,,https://www.linkedin.com/company/calawyersorg/,,"Omni Rancho Las Palmas, Rancho Mirage, CA",Ranch Mirage,CA,USA,,,,,,,,,https://www.notion.so/eventhunter/9c233ae8a2544cb79631cc714ebe002d?v=5be9e321daa744a6801f3cab9008f0fd&p=561d4234e3464b169038d5f9f240923b&pm=s,
Legal Technology Digital Transformation Summit,Promoter,"In-House, Law firms, Operators","Attend (non-member), Sponsor, Exhibit",100-500 people,03/11/2024,03/13/2024,https://www.eventcreate.com/e/legal-technology-digital-transformation-summit,https://www.eventcreate.com/e/legal-technology-digital-transformation-summit,,,,"Bovey Castle, Devon",North Bovey,Devon,UK,$0.00,,,Tickets@jwhpublishing.com,Jeremy Hill,,,,https://www.notion.so/eventhunter/9c233ae8a2544cb79631cc714ebe002d?v=5be9e321daa744a6801f3cab9008f0fd&p=2de2261b8ee24a818cde0f36978b6a65&pm=s,Free event
Intellectual Property Institute | USC Gould Institute of Law,Promoter,"Law firms, In-House","Attend (non-member), Sponsor",500-1000 people,03/18/2024,03/19/2024,https://gould.usc.edu/why/academics/cle/ip/,https://gould.usc.edu/why/academics/cle/ip/,,https://www.linkedin.com/showcase/uscgouldcle/,,Fairmont Miramar Hotel,Santa Monica,CA,USA,$599.00,,,wwiley@law.usc.edu,Wendy Wiley Willett,,,,,
Academy of Criminal Justice Sciences Annual Meeting,"Promoter, Practice Assn",Law firms,"Attend (member), Sponsor, Exhibit",1000-5000 people,03/19/2024,03/23/2024,https://www.acjs.org/events/EventDetails.aspx?id=1761233,https://s5.goeshow.com/acjs/annual/2024/sponsorship_opportunities.cfm,,https://www.linkedin.com/company/academy-of-criminal-justice-sciences-acjs/,,Hilton Chicago,Chicago,IL,USA,,,,manager@acjs.org,Letiscia Perrin,,,,https://www.notion.so/eventhunter/9c233ae8a2544cb79631cc714ebe002d?v=5be9e321daa744a6801f3cab9008f0fd&p=b2c2b000d3244e9ca8ab72b92745148c&pm=s,
General Counsel Institute | National Association of College and University Attorneys,Practice Assn,In-House,"Attend (member), Sponsor",100-500 people,03/20/2024,03/22/2024,https://nacua.quickbase.com/db/bnwk7pp6u?a=nwr&_fid_6=GCI23&ifv=1,https://www.nacua.org/program-events/sponsorship,https://www.nacua.org/docs/default-source/meetings/2023-2024-nacua-sponsorship---workshops-year-round-opportunities.pdf?sfvrsn=7fd44fbe_2,https://www.linkedin.com/company/nacua/,,Westin Denver Downtown,Denver,CO,USA,,,,ahs@nacua.org,Ashley Hodak Sullivan,,https://events.nacua.org/event/9e5e7e1a-df10-4d8a-8f1b-bbee7c89735f/websitePage:fa481f70-58d7-4239-9977-b88330a9ba6b,,/0e02440344a64d6aaabd492ae53fdea5?pvs=25,
American Society of International Law Annual Meeting,Practice Assn,"Law firms, Government","Attend (non-member), Sponsor",1000-5000 people,04/03/2024,04/06/2024,https://www.asil.org/annualmeeting,,,https://www.linkedin.com/company/american-society-of-international-law/,,Washington Hilton,Washington,DC,USA,,,,,,,,,,
Legal Marketing Association Annual Conference,Trade Group,"Law firms, Marketers, Operators","Attend (member), Attend (non-member), Expo pass, Sponsor, Exhibit",1000-5000 people,04/03/2024,04/05/2024,https://lma23.legalmarketing.org/,https://lma24.legalmarketing.org/Exhibit-Sponsor/Want-to-Exhibit-Sponsor,https://files.smithbucklin.com/ss-files/LMA_AC2024_prospectus.pdf,https://www.linkedin.com/company/legal-marketing-association/,,San Diego Marriott Marquis Marina,San Diego,CA,USA,"$2,093.00",,,sponsorships@legalmarketing.org,,,https://lma24.legalmarketing.org/Exhibit-Sponsor/Already-Exhibiting,2023 SPONSORS Intapp LexiNexis One North Passle IHG Hotel & Resorts ALM Law Altud Friedman Williams Litera ikaun Lexology Pinnacle QorusDocs Right Hat Vibe Adtaxi Axelle Calibrate Chambers and Partners Client Sense Filevine F2 Marketing Great Jakes Growth Play Legal 360 by HSO Kates Media Law Firm Editorial Service Leopard Solutions Mondaq Marigold On24 Peppermint Technology Practising Law Institute Society 54 S&P Global Market Intelligence Sure Point,https://www.notion.so/eventhunter/9c233ae8a2544cb79631cc714ebe002d?v=5be9e321daa744a6801f3cab9008f0fd&p=4db97835ac1246cf88bb5cc143462de6&pm=s,
National Creditors Bar Association Executive Experience,Practice Assn,Law firms,"Attend (member), Sponsor, Exhibit",500-1000 people,04/09/2024,04/12/2024,https://www.creditorsbar.org/events/2024-executive-experience-save-date,https://www.creditorsbar.org/partner-with-us,https://www.creditorsbar.org/file/secure/2024-ncba-executive-experience-sponsorguide.pdf,https://www.linkedin.com/company/nationalcreditorsbarassociation/,,Omni PGA Frisco Resort TX,Frisco,TX,USA,,,,conferences@creditorsbar.org,,,,,https://www.notion.so/eventhunter/9c233ae8a2544cb79631cc714ebe002d?v=5be9e321daa744a6801f3cab9008f0fd&p=70124069bb694d3a976a2c7859130b2c&pm=s,
ABA Section of Dispute Resolution Spring Conference,"Bar Assn, Practice Assn",Law firms,"Attend (member), Sponsor",500-1000 people,04/10/2024,04/13/2024,https://www.americanbar.org/groups/dispute_resolution/events_cle/annual/,,,https://www.linkedin.com/company/aba-section-of-dispute-resolution/,,TBA,TBA,,,,,,,,,,,https://www.notion.so/eventhunter/9c233ae8a2544cb79631cc714ebe002d?v=5be9e321daa744a6801f3cab9008f0fd&p=29278b2b3589486487b86c5ab9f2c30a&pm=s,
The Annual BC Labour Law Review,Practice Assn,"Law firms, In-House",,500-1000 people,04/10/2024,04/11/2024,https://www.labourlawonline.ca/,,,-,-,"Pinnacle Hotel, Vancouver",Vancouver,BC,Canada,,,,info@labourlawonline.ca,,,,,,
ABA-IP Law Section Annual Meeting,"Bar Assn, Practice Assn","Law firms, In-House","Attend (member), Sponsor, Exhibit",1000-5000 people,04/17/2024,04/19/2024,https://abamedia-events.com/abaipl-spring-conference,https://abamedia-events.com/abaipl-spring-conference,,https://www.linkedin.com/company/aba-section-of-intellectual-property-law/,,"Bethesda North Marriott, Bethesda MD",Bethesda,MD,USA,,,,,,,,,https://www.notion.so/eventhunter/9c233ae8a2544cb79631cc714ebe002d?v=5be9e321daa744a6801f3cab9008f0fd&p=9a3e5d1ff97640578f8dc30b26602ff7&pm=s,
National Association of Attorneys General Symposium,Practice Assn,"In-House, Law firms",Attend (non-member),500-1000 people,04/22/2024,04/24/2024,https://www.naag.org/events-training/attorney-general-symposium/,,,https://www.linkedin.com/company/national-association-of-attorneys-general/,,"Chicago, IL",Chicago,IL,USA,,,,EKutterna@naag.org,Erika Kutterna,,,,https://www.notion.so/eventhunter/9c233ae8a2544cb79631cc714ebe002d?v=5be9e321daa744a6801f3cab9008f0fd&p=35ca4bfbeea54f58b68573546d6cd73e&pm=s,
Future Lawyer Week UK,Promoter,"In-House, Law firms, Operators","Attend (non-member), Sponsor, Exhibit",500-1000 people,04/24/2024,04/26/2024,https://www.futurelawyerweek-uk.com/,https://www.futurelawyerweek-uk.com/sponsors,,https://www.linkedin.com/showcase/future-lawyer-week-uk/?originalSubdomain=uk,,"etc.venues St Paul's, 200 Aldersgate St, Barbican",London,,England,,$450.00,,explore@cosmonauts.biz,,,https://www.futurelawyerweek-uk.com/sponsors,DISCO Exterro Onit Everlaw Consilio Relativity Opus2 ayfie Walters Kluwer Della Document Drafter CRMCS Majoto Secretariat Betty Blocks Henchman Definely APT LawVu Juro Pocketlaw Jameson Legal Tech Bryter Scribestar Law.com Conventus Law Play It Green,,
National Association of Consumer Bankruptcy Attorneys Annual Convention,Practice Assn,Law firms,"Attend (member), Attend (non-member), Sponsor, Exhibit",1000-5000 people,04/25/2024,04/28/2024,https://nacba.org/events/EventDetails.aspx?id=1535310&group=,,,,,"The Broadmoor, Colorado Springs CO",Colorado Springs,CO,USA,,,,,,,,,https://www.notion.so/eventhunter/9c233ae8a2544cb79631cc714ebe002d?v=5be9e321daa744a6801f3cab9008f0fd&p=bc9135b3bb954cd7ae6cba2d6856fc37&pm=s,
DealMax,Trade Group,"Law firms, In-House","Attend (non-member), Sponsor, Exhibit",1000-5000 people,04/29/2024,05/01/2024,https://dealmax.org/,https://dealmax.org/about-us/contact-us/,,https://www.linkedin.com/company/association-for-corporate-growth/,https://dealmax.org/2023-highlights/who-attended/,Aria Resort Las Vegas NV,Las Vegas,NV,USA,,,,kgregorio@acg.org,Kaitlyn Gregorio,,https://dealmax.org/sponsors/,"AssuredPartners Citizens Bank Fitch Ratings Grant Thornton Marcum PNC Raymond James RKON Shearman & Sterling TaxVantage Consulting The Crucible Tier1 Performance Union Bank Winston & Strawn, LLP Woodbridge International",https://www.notion.so/eventhunter/9c233ae8a2544cb79631cc714ebe002d?v=5be9e321daa744a6801f3cab9008f0fd&p=d24ea2752f9f47af951849fc911e637c&pm=s,
ABA Section of Family Law Spring CLE Conference,Bar Assn,Law firms,"Attend (member), Attend (non-member), Sponsor",1000-5000 people,05/01/2024,05/04/2024,https://www.americanbar.org/groups/family_law/events_cle/upcoming-conferences/,https://abamedia-events.com/aba-family-event-sponsorship,,https://www.linkedin.com/showcase/aba-family-law/?trk=affiliated-pages,,Westin Copley Place,Boston,MA,USA,$975.00,,08/03/2023,danielle.pruger@americanbar.org,Danielle Pruger,,,,,
"Law of Policing Conference, Eastern Edition",Practice Assn,"Government, Law firms","Attend (member), Attend (non-member), Sponsor",100-500 people,05/01/2024,05/02/2024,https://www.canadianinstitute.com/law-of-policing-east/,https://www.canadianinstitute.com/law-of-policing-east/sponsors/,,https://www.linkedin.com/company/the-canadian-institute/,,,Mississauga,ON,Canada,"$1,595.00","$1,795.00",01/26/2024,marketinginquiry@canadianinstitute.com,,,,,,
National Academy of Elder Law Attorneys,Practice Assn,Law firms,"Attend (member), Sponsor, Exhibit",1000-5000 people,05/02/2024,05/04/2024,https://www.naela.org/Web/Web/Events-and-Education/Events_Education-Template.aspx?hkey=585cd0e4-f962-42d9-9e02-b923814addd9,https://www.naela.org/Web/Web/Events-and-Education/Exhibitor_Information.aspx?hkey=f861e8b9-bfbb-43f5-91bb-fc8d34914b15,,https://www.linkedin.com/company/national-academy-of-elder-law-attorneys/,,TBD,Boston,MA,USA,,,,dlarkin@naela.org,Dannie Larkin,,,,https://www.notion.so/eventhunter/9c233ae8a2544cb79631cc714ebe002d?v=5be9e321daa744a6801f3cab9008f0fd&p=6330270e7415457ea18e437bb092d901&pm=s,
CLOC Global Institute,Trade Group,"In-House, Operators","Attend (member), Attend (non-member), Sponsor, Exhibit",1000-5000 people,05/06/2024,05/09/2024,https://events.cloc.org/event/1d32983d-33ab-47ff-a8ae-9994043fcd1f/summary,,,https://www.linkedin.com/company/cloc-corporate-legal-operations-consortium-/,,"Aria, Las Vegas",Las Vegas,NV,USA,,,,sponsorship@cloc.org,,,,,https://www.notion.so/eventhunter/9c233ae8a2544cb79631cc714ebe002d?v=5be9e321daa744a6801f3cab9008f0fd&p=0a3ca52d7e534f2f934a6d9410ff35a2&pm=s,
Ohio State Bar Annual Meeting,Bar Assn,"In-House, Law firms, Operators","Attend (member), Sponsor, Exhibit",500-1000 people,05/07/2024,05/07/2024,https://www.ohiobar.org/meetings--events/OSBA-Annual-Meeting/,https://www.ohiobar.org/cle-certification/Sponsorship-Exhibitor-Opp/,,https://www.linkedin.com/company/ohio-state-bar-association/,,Ohio,,OH,USA,,,,advertising@ohiobar.org,,,,,https://www.notion.so/eventhunter/9c233ae8a2544cb79631cc714ebe002d?v=5be9e321daa744a6801f3cab9008f0fd&p=85124d90f3a8493186fcb9a0b48c9f2c&pm=s,
Pennsylvania Bar Association Annual Meeting,Bar Assn,"In-House, Law firms, Operators","Attend (member), Sponsor, Exhibit",>5000 people,05/08/2024,05/10/2024,https://www.pabar.org/site/Events-and-Education/Event-Info/sessionaltcd/AM24,,,https://www.linkedin.com/company/pennsylvania-bar-association/?trk=NUS-body-company-name,,"Hershey Lodge, Hershey PA",Hershey,PA,USA,,,,Holly.Wertz@pabar.org,Holly Wertz,,,,https://www.notion.so/eventhunter/9c233ae8a2544cb79631cc714ebe002d?v=5be9e321daa744a6801f3cab9008f0fd&p=b8a49cf8f743405aae99d9b67b37f15c&pm=s,
World Technology Law Conference,Practice Assn,"In-House, Law firms, Operators","Attend (non-member), Sponsor",,05/08/2024,05/10/2024,https://www.itechlaw.org/conferences/2024-world-technology-law-conference-0,,,https://www.linkedin.com/company/itechlaw-association/,,,Washington,DC,USA,,,,,,,,,,
Personal Injury Lawyer Marketing & Management Association (PILMMA) Super Summit,Promoter,Law firms,"Attend (non-member), Sponsor",1000-5000 people,05/14/2024,05/17/2024,https://www.pilmma.org/summit/,,https://www.pilmma.org/wp-content/uploads/2023/05/2024-Summit-Sponsor-Registration.pdf,https://www.linkedin.com/company/pilmma/,,TBD,New Orleans,LA,USA,,,,INFO@PILMMA.ORG,,,,,,
American Intellectual Property Law Association Spring Meeting,Practice Assn,"In-House, Law firms","Attend (member), Attend (non-member), Sponsor, Exhibit",1000-5000 people,05/16/2024,05/18/2024,https://www.aipla.org/detail/event/2024/05/16/default-calendar/aipla-2024-spring-meeting,,https://www.aipla.org/docs/default-source/uploadedfiles/aipla2023-media-marketing-kit.pdf?sfvrsn=6103cf6c_2,https://www.linkedin.com/company/aipla/,https://www.aipla.org/home/meetings-education/2023-spring-meeting/expand/attendee-list,Hilton Austin,Austin,TX,USA,,,,aipla@aipla.org,,,,,https://www.notion.so/eventhunter/9c233ae8a2544cb79631cc714ebe002d?v=5be9e321daa744a6801f3cab9008f0fd&p=b2973b5295064178830a8668db60d1b9&pm=s,
International Trademark Association Annual Meeting,Practice Assn,"Law firms, In-House","Attend (member), Attend (non-member), Sponsor, Exhibit",>5000 people,05/18/2024,05/22/2024,https://www.inta.org/events/2024-annual-meeting/,https://www.inta.org/inta-events/become-a-sponsor/,,https://www.linkedin.com/company/gointa/,,Georgia World Congress Center,Atlanta,GA,USA,,,,sponsorsandexhibitors@inta.org,,,,,https://www.notion.so/eventhunter/9c233ae8a2544cb79631cc714ebe002d?v=5be9e321daa744a6801f3cab9008f0fd&p=fa19937a6d914b4e8ad2bd78bb036186&pm=s,
Association of Legal Administrators Annual Conference,Trade Group,"Law firms, Operators","Attend (member), Attend (non-member), Sponsor, Exhibit",1000-5000 people,05/19/2024,05/22/2024,https://www.alanet.org/events/2024-events/annual-conference/home,https://www.alanet.org/events/2024-events/annual-conference/home,,https://www.linkedin.com/company/association-of-legal-administrators/,,Gaylord Rockies Resort & Convention Center,Aurora,CO,USA,,,,info@alaannualconf.org,Kristy Perkins,,https://www.alanet.org/events/2024-events/annual-conference/home,2023 Sponsors: Centerbase First Legal Fulcrum GT Net Documents Sure Point Vital Records Control Law Pay ABA Retirement Funds Affinity Consulting Aflac Allied World GLF Benefit Consultants GLJ Financial Isolved LTC Solutions National Purchasing Partners Principal Teladoc Vibe Media Action Step All Covered Big Hand Caret Legal Clio Filevine iManage Orion 35 45 Consulting Adams & Martin Group Epiq Epona Esi-legal Everlaw Fringe Professional Development Frontline Gavel Get Staffed Up Gilsbar Pro IHG Hotels & Resorts InfoTrack Kraft Kennedy Lawmatics Lawyers Travel Litera MilliCare Nationwide Legal NQ Zebra Works Perfect Law All-in-One Software Singlecomm Smokeball Tabs3 Thomson Reuters XpressDox,https://www.notion.so/eventhunter/9c233ae8a2544cb79631cc714ebe002d?v=5be9e321daa744a6801f3cab9008f0fd&p=e1cab7fca0974ec4a4386964647697bc&pm=s,
Indiana State Bar Solo and Small Firm Conference,Bar Assn,"Law firms, Operators","Attend (member), Sponsor, Exhibit",100-500 people,05/30/2024,06/01/2024,https://www.inbar.org/event/SSFC24,https://www.inbar.org/event/SSFC24,,https://www.linkedin.com/company/indiana-state-bar-association/,,"French Lick Resort, Indiana",French Lick,IN,USA,,,,ahiggins@inbar.org,Ashley Higgins,,,,https://www.notion.so/eventhunter/9c233ae8a2544cb79631cc714ebe002d?v=5be9e321daa744a6801f3cab9008f0fd&p=37186a0d03e34cb8a0eaf7ff36abaeaa&pm=s,
Association of Family and Conciliation Courts Annual Conference,Practice Assn,"Government, Law firms","Attend (member), Attend (non-member), Exhibit",1000-5000 people,06/05/2024,06/08/2024,https://www.afccnet.org/Conferences-Training/AFCC-Conferences/ctl/View/ConferenceID/413/mid/3646,https://www.afccnet.org/Conferences-Training/Sponsorship,,https://www.linkedin.com/company/afcc-association-of-family-and-conciliation-courts/,,Sheraton Boston,Boston,MA,USA,,,,arebholz@afccnet.org,Abby Rebholz,,,,,
Maryland State Bar Association Legal Summit & Annual Meeting,Bar Assn,"In-House, Law firms, Operators","Attend (member), Sponsor, Exhibit",1000-5000 people,06/05/2024,06/07/2024,https://www.msba.org/product/2024-msba-legal-summit/,https://www.msba.org/advertise-and-sponsor/,,https://www.linkedin.com/company/the-maryland-state-bar-association-inc./,,TBD,,,,,,,ntate@associationmediagroup.com,Nicola Tate,,,,https://www.notion.so/eventhunter/9c233ae8a2544cb79631cc714ebe002d?v=5be9e321daa744a6801f3cab9008f0fd&p=4ec1019730524e2293f96e41c691d304&pm=s,
Georgia Bar Association Annual Meeting,Bar Assn,"In-House, Law firms, Operators","Attend (member), Sponsor, Exhibit",1000-5000 people,06/06/2024,06/09/2024,https://www.gabar.org/committeesprogramssections/boardofgovernors/meetings.cfm,,,,,"Omni Amelia Island, Georgia",Amelia Island,FL,USA,,,,gakiik@gabar.org,Gakii Kassamba,,,,https://www.notion.so/eventhunter/9c233ae8a2544cb79631cc714ebe002d?v=5be9e321daa744a6801f3cab9008f0fd&p=340b5bd33afe44b2ab0b8b3ec7e35d78&pm=s,
American Immigration Lawyers Association Annual Conference,Practice Assn,Law firms,"Attend (member), Sponsor, Exhibit",>5000 people,06/12/2024,06/15/2024,https://www.aila.org/conferences/in-person/annual/past-conferences,https://www.aila.org/about/promos,https://www.aila.org/File/DownloadEmbeddedFile/100,https://www.linkedin.com/company/american-immigration-lawyers-association/,,Chicago IL,Chicago,IL,USA,,,,,,,,,https://www.notion.so/eventhunter/9c233ae8a2544cb79631cc714ebe002d?v=5be9e321daa744a6801f3cab9008f0fd&p=839b796f74064a79ad427a86da06eadc&pm=s,
Lanier Trial Academy,Promoter,Law firms,"Attend (non-member), Sponsor, Exhibit",100-500 people,06/17/2024,06/20/2024,https://lanier.thenationaltriallawyers.org/,,,https://www.linkedin.com/company/the-lanier-law-firm-pllc/,,Marriott Marquis,Houston,TX,USA,,,,,,,,Archer ChartSquad Consumer Attorney Marketing Group,,
Florida Bar Annual Convention,Bar Assn,"In-House, Law firms, Marketers","Attend (member), Sponsor, Exhibit",>5000 people,06/19/2024,06/22/2024,https://www.floridabar.org/news/meetings/meetings001/,,,https://www.linkedin.com/company/the-florida-bar/,,"Signia by Hilton Orlando Bonnet Creek, Orlando",Orlando,FL,USA,,,,etrombetta@floridabar.org,Beth Anne Trombetta,,,,https://www.notion.so/eventhunter/9c233ae8a2544cb79631cc714ebe002d?v=5be9e321daa744a6801f3cab9008f0fd&p=fe07e6bd161147aaac37e79d54777559&pm=s,
Wisconsin State Bar Annual Meeting & Conference,Bar Assn,"In-House, Law firms, Operators","Attend (member), Sponsor, Exhibit",500-1000 people,06/19/2024,06/21/2024,https://www.wisbar.org/aboutus/overview/Pages/Annual-Meeting-and-Conference.aspx,https://marketplace.wisbar.org/Advertise-With-Us,https://marketplace.wisbar.org/SBWMarketplace/media/Advertising/Advertising-Files/Media_Kit_Connect_Personally.pdf,https://www.linkedin.com/company/state-bar-of-wisconsin/,,"Hyatt Regency and KI Center, Green Bay",Green Bay,WI,USA,,,,service@wisbar.org,,,,,https://www.notion.so/eventhunter/9c233ae8a2544cb79631cc714ebe002d?v=5be9e321daa744a6801f3cab9008f0fd&p=af15437ae45c4814a6159c2498491d64&pm=s,
Texas State Bar Annual Meeting,Bar Assn,"In-House, Law firms, Operators","Attend (member), Sponsor, Exhibit",>5000 people,06/20/2024,06/21/2024,https://www.texasbar.com/Content/NavigationMenu/Events/AnnualMeeting/Future_Dates/default.htm,,,https://www.linkedin.com/company/state-bar-of-texas/,,"Hilton Anatole, Dallas TX",Dallas,TX,USA,,,,,,,,,https://www.notion.so/eventhunter/9c233ae8a2544cb79631cc714ebe002d?v=5be9e321daa744a6801f3cab9008f0fd&p=491bb058ac324be0bc3ed477ac68f78b&pm=s,
North Carolina State Bar Association Annual Meeting,Bar Assn,"In-House, Law firms, Operators","Attend (member), Sponsor, Exhibit",1000-5000 people,06/20/2024,06/21/2024,https://www.ncbar.org/annual-meeting/,https://www.ncbar.org/about/sponsorship-opportunities/,,https://www.linkedin.com/company/north-carolina-bar-association/,,TBA,,,,,,,,,,,,https://www.notion.so/eventhunter/9c233ae8a2544cb79631cc714ebe002d?v=5be9e321daa744a6801f3cab9008f0fd&p=0027e6441bde4057999168cf8d5e2835&pm=s,
Legal Geek North America,Promoter,"In-House, Law firms, Operators","Attend (non-member), Sponsor",100-500 people,06/20/2024,06/20/2024,https://www.legalgeek.co/north-america/,https://www.legalgeek.co/sponsorship/,,https://www.linkedin.com/company/legalgeek/,,Recess,Chicago,IL,USA,$250.00,$300.00,01/01/2024,hello@legalgeek.co,,,,,https://www.notion.so/eventhunter/9c233ae8a2544cb79631cc714ebe002d?v=5be9e321daa744a6801f3cab9008f0fd&p=febd6238c3d844bd93caa5c57fb08e73&pm=s,
National Association of College and University Attorneys,Practice Assn,"Government, In-House","Attend (member), Sponsor",1000-5000 people,06/26/2024,06/29/2024,https://www.nacua.org/program-events/nacua-annual-conference,https://www.nacua.org/program-events/sponsorship,https://www.nacua.org/docs/default-source/meetings/2023-2024-nacua-sponsorship---workshops-year-round-opportunities.pdf?sfvrsn=7fd44fbe_2,https://www.linkedin.com/company/nacua/,,Hyatt Regency Columbus OH,Columbus,OH,USA,,,,,,,https://events.nacua.org/event/9e5e7e1a-df10-4d8a-8f1b-bbee7c89735f/websitePage:fa481f70-58d7-4239-9977-b88330a9ba6b,,https://www.notion.so/eventhunter/9c233ae8a2544cb79631cc714ebe002d?v=5be9e321daa744a6801f3cab9008f0fd&p=1042c335d61c43ff86b3437c723a122c&pm=s,
Nevada State Bar Annual Meeting,Bar Assn,"In-House, Law firms, Operators","Attend (member), Sponsor, Exhibit",1000-5000 people,06/26/2024,06/26/2024,https://nvbar.org/about-us/board-of-governors/meeting-dates/#:~:text=June%2026%2C%202024%3A%20Annual%20Bar%20Conference%2C%20Santa%20Fe%2C%20NM,,,https://www.linkedin.com/company/state-bar-of-nevada/,,"Santa Fe, NM",Santa Fe,NM,USA,,,,cle@nvbar.org,,,,,https://www.notion.so/eventhunter/9c233ae8a2544cb79631cc714ebe002d?v=5be9e321daa744a6801f3cab9008f0fd&p=36efe97d51094f10b8e1700ced491fbe&pm=s,
National Employment Lawyers Association Annual Convention,Practice Assn,"In-House, Law firms","Attend (member), Attend (non-member), Sponsor, Exhibit",1000-5000 people,06/26/2024,06/29/2024,https://www.nela.org/programs-events/convention/,,,https://www.linkedin.com/company/nela_hq/,,Philadelphia Marriott Downtown,Philadelphia,PA,USA,,,,abattle@nelahq.org,Alicia Battle,,,,https://www.notion.so/eventhunter/9c233ae8a2544cb79631cc714ebe002d?v=5be9e321daa744a6801f3cab9008f0fd&p=3d2946caf0534d2da489f2da3079f0ed&pm=s,Sponsorship details not yet available.
American Academy of Attorney CPAs Annual Meeting & Education Conference,Practice Assn,Law firms,,500-1000 people,06/26/2024,06/30/2024,https://aaacpa.memberclicks.net/,,,https://www.linkedin.com/groups/1796024/,,,Fort Worth,TX,USA,,,,,,,,,,
NALA Paralegal Conference & Expo,Practice Assn,"Paralegals, Operators","Attend (member), Attend (non-member), Sponsor, Exhibit",1000-5000 people,07/11/2024,07/13/2024,https://nala.org/2022/louisville-conference-proposals/,,https://nala.org/wp-content/uploads/2023/02/2023-NALA-Media-Kit-Rev6.pdf,https://www.linkedin.com/company/national-association-of-legal-assistants/,,Louisville Marriott Downtown,Louisville,KY,USA,,,,,,,,,https://www.notion.so/eventhunter/9c233ae8a2544cb79631cc714ebe002d?v=5be9e321daa744a6801f3cab9008f0fd&p=3b12767380a64d0fb1ad469c4ece1b9e&pm=s,
American Association of Law Libraries Annual Meeting,Practice Assn,,"Attend (member), Attend (non-member), Sponsor, Exhibit",500-1000 people,07/20/2024,07/23/2024,https://www.aallnet.org/conference/,https://www.aallnet.org/conference/sponsors-exhibitors/exhibitor-list/,119L23_spex_prospectus_feb2023_final.pdf,https://www.linkedin.com/company/american-association-of-law-libraries/,,,Chicago,IL,USA,,,,exhibits@aallconference.org,Ron Mathews or Nicole Quattrock,,https://www.aallnet.org/conference/sponsors-exhibitors/exhibitor-list/,"2023 SPONSORS ALM | Law.com Altarama Information Systems Amalivre American Bar Association BankruptcyData Bloomberg Law Bloomsbury Digital Resources Blue360 Media, LLC Brill USA Inc., Koninklijke Brill NV ByWater Solutions CALI Casetext Cassidy Cataloguing Services, Inc. CEB - Continuing Education of the Bar Clarivate CourtAlert Courtroom Insight Edward Elgar Publishing Inc. Factset GALE, a Cengage Company Hein Online  ICLR Juris & Jus Mundi ktMINE Law Business Research Leopard Solutions LexisNexis - Platinum Sponsor Lexum LLMC Lucidea Mind Alliance Systems LLC Minesoft National Society for Legal Technology NELLCO Law Library Consortium Onelog Oxford University Press PacerPro, Inc. Patent and Trademark Resource Center Program PLI (Practising Law Institute) PowerNotes Reorg SCC Online S&P Global Market Intelligence Skopenow SMI Aware Softlink Information Centers StackMap State and Federal Communications, Inc. Tax Analysts (A.K.A. Tax Notes) The Lawbook Exchange Themis Bar Review Thomson Reuters TransUnion Trellis Legal Research TRG Screen (Research Monitor and Quest) Vable Visualping vLex and Fastcase West Academic Wildy & Sons Ltd.   Wolters Kluwer",/5bd8355148fd4e1a81b430238999208b?pvs=25,
National Contract Management Association World Congress,Practice Assn,"In-House, Law firms","Attend (member), Attend (non-member), Sponsor, Exhibit",1000-5000 people,07/21/2024,07/24/2024,https://www.ncmahq.org/Web/Web/Events/World-Congress.aspx,,,,,Seattle Convention Center,Seattle,WA,USA,,,,,,,,,https://www.notion.so/eventhunter/9c233ae8a2544cb79631cc714ebe002d?v=5be9e321daa744a6801f3cab9008f0fd&p=53845a074f8a40e9ac37a8b79cbae5d3&pm=s,
National Apartment Association Rental Housing Advocacy and Legal Summit,Practice Assn,"Law firms, In-House","Attend (member), Attend (non-member), Sponsor",100-500 people,07/30/2024,08/01/2024,https://www.naahq.org/rhals,https://www.naahq.org/rhals,,https://www.linkedin.com/company/naahq/,https://www.naahq.org/sites/default/files/2023-07/2023 RHALS Registration List-2023-07-24 (3).xlsx,Omni Las Colinas,Irving,TX,USA,$499.00,,,sponsorship@naahq.org,,,,,,
National Court Reporters Association Conference and Expo,Trade Group,Government,"Attend (member), Attend (non-member), Sponsor, Exhibit",1000-5000 people,08/01/2024,08/03/2024,https://www.ncra.org/home/events/ncra-conference-expo,https://www.ncra.org/home/events/ncra-conference-expo/sponsors-exhibitors,https://www.ncra.org/docs/conference-prospectus,https://www.linkedin.com/company/nationalcourtreportersassociation/,,Galt House Hotel,Louisville,KY,USA,$725.00,$800.00,07/11/2023,sprue@ncra.org,Susie Prue,,https://www.ncra.org/home/events/ncra-conference-expo/sponsors-exhibitors,"2023 Sponsors for reference: Arriva Lexitas Nell McCallum Reliance Leaves Cannaboid Therapy Superior Court of California, San Diego Stenograph Magna Legal Services Planet Depos Remote Counsel The Legal Video Team Association Member Benefits Advisors Advantage Software eMP10 Calloquy College of Court Reporting Cover Crow DS Global Elizabeth Gallo EV360 First Legal Depositions GeekAByte Henderson Legal Services Horizon Legal Solutions Houston Steno Repair IST Reporting Lexitas NCRF National Court Reporters Foundation NCRA PAC SPaszkieqicz Litigation Services ProCAT my Realtime Coach Real Time Legal Video Superior Court of Imperial County TCRA Trustpoint.One U.S. Legal Support",/4202dbd1b7a2464d8fc4a168353da80a?pvs=25,Prices for networking only registration (2023 prices).
National Creditors Bar Association Connect,Practice Assn,Law firms,"Attend (member), Attend (non-member), Sponsor, Exhibit",1000-5000 people,10/22/2024,10/24/2024,https://www.creditorsbar.org/events/2024-ncba-connect,https://www.creditorsbar.org/partner-with-us,,https://www.linkedin.com/company/nationalcreditorsbarassociation/,,Sheraton New Orleans,New Orleans,LA,USA,,,,conferences@creditorsbar.org,,,,,https://www.notion.so/eventhunter/9c233ae8a2544cb79631cc714ebe002d?v=5be9e321daa744a6801f3cab9008f0fd&p=f530dc25d0cd4698872ff6966f5101c4&pm=s,
American Intellectual Property Law Association Annual Meeting,Practice Assn,"In-House, Law firms","Attend (member), Attend (non-member), Sponsor, Exhibit",1000-5000 people,10/24/2024,10/26/2024,https://www.aipla.org/detail/event/2024/10/24/default-calendar/aipla-2024-annual-meeting,,https://www.aipla.org/docs/default-source/uploadedfiles/aipla2023-media-marketing-kit.pdf?sfvrsn=6103cf6c_2,https://www.linkedin.com/company/aipla/,,"Gaylord National Resort, National Harbor MD",National Harbor,MD,USA,,,,aipla@aipla.org,,,,,https://www.notion.so/eventhunter/9c233ae8a2544cb79631cc714ebe002d?v=5be9e321daa744a6801f3cab9008f0fd&p=65122b2ca67b4d6e9e2bb51e2fafb08c&pm=s,
